voucher_id,order_id,redeemed_at,customer_id
VCH-PAYDAY100,ORD-2911,2025-08-28 13:42:00,CUST-0231
VCH-PAYDAY100,ORD-3673,2025-10-25 22:26:00,CUST-0284
VCH-PAYDAY100,ORD-3816,2025-10-30 16:45:00,CUST-0088
VCH-BUNDLE-20,ORD-2555,2025-08-15 15:29:00,CUST-0103
VCH-DOUBLE-15,ORD-2058,2025-07-07 19:03:00,CUST-0394
VCH-BUNDLE-20,ORD-2712,2025-08-20 21:15:00,CUST-0037
VCH-DOUBLE-15,ORD-3141,2025-09-10 13:20:00,CUST-0150
VCH-PAYDAY100,ORD-1401,2025-05-29 11:20:00,CUST-0006
VCH-PAYDAY100,ORD-1932,2025-06-29 12:58:00,CUST-0398
VCH-PAYDAY100,ORD-3835,30/10/2025 16:05  ,CUST-0367
VCH-DOUBLE-15,ORD-1603,2025-06-08 20:27:00,CUST-0121
VCH-PAYDAY100,ORD-1396,2025-05-29 20:16:00,CUST-0221
VCH-PAYDAY100,ORD-3820,2025-10-30 19:51:00,CUST-0280
VCH-PAYDAY100,ORD-3742,2025-10-27 16:46:00,CUST-0370
VCH-PAYDAY100,ORD-1403,29/05/2025 14:43  ,CUST-0293
VCH-BUNDLE-20,ORD-2649,2025-08-18 20:00:00,CUST-0120
VCH-DOUBLE-15,ORD-3151,2025-09-11 17:20:00,CUST-0113
VCH-DOUBLE-15,ORD-1613,2025-06-08 18:20:00,CUST-0385
VCH-DOUBLE-15,ORD-1599,2025-06-08 16:44:00,CUST-0339
VCH-PAYDAY100,ORD-1316,2025-05-27 09:27:00,CUST-0364
VCH-PAYDAY100,ORD-3687,2025-10-25 19:28:00,CUST-0125
VCH-BUNDLE-20,ORD-2602,2025-08-16 18:35:00,CUST-0274
VCH-DOUBLE-15,ORD-3124,2025-09-10 18:30:00,CUST-0334
VCH-PAYDAY100,ORD-3711,26/10/2025 22:53  ,CUST-0074
VCH-DOUBLE-15,ORD-3151,2025-09-11 11:43:00,CUST-0113
VCH-DOUBLE-15,ORD-2076,2025-07-07 21:05:00,CUST-0347
VCH-PAYDAY100,ORD-2957,2025-08-30 14:31:00,CUST-0249
VCH-PAYDAY100,ORD-1402,2025-05-29 13:05:00,CUST-0026
VCH-PAYDAY100,ORD-1335,2025-05-27 11:11:00,CUST-0187
VCH-PAYDAY100,ORD-1268,2025-05-25 11:39:00,CUST-0211
VCH-PAYDAY100,ORD-3704,2025-10-26 11:08:00,CUST-0381
VCH-PAYDAY100,ORD-1915,29/06/2025 17:56  ,CUST-0110
VCH-PAYDAY100,ORD-1881,2025-06-28 09:37:00,CUST-0379
VCH-PAYDAY100,ORD-1791,2025-06-25 15:14:00,CUST-0221
VCH-BUNDLE-20,ORD-2605,16/08/2025 22:57  ,CUST-0199
VCH-PAYDAY100,ORD-3862,2025-10-31 09:35:00,CUST-0191
VCH-PAYDAY100,ORD-1829,26/06/2025 15:37  ,CUST-0258
VCH-BUNDLE-20,ORD-2604,2025-08-16 09:03:00,CUST-0284
VCH-PAYDAY100,ORD-1903,2025-06-29 17:46:00,CUST-0232
VCH-PAYDAY100,ORD-1936,2025-06-29 11:25:00,CUST-0078
VCH-PAYDAY100,ORD-3859,2025-10-31 22:42:00,CUST-0133
VCH-PAYDAY100,ORD-1821,2025-06-26 09:36:00,CUST-0005
VCH-DOUBLE-15,ORD-1570,2025-06-07 15:23:00,CUST-0394
VCH-PAYDAY100,ORD-3757,2025-10-27 16:41:00,CUST-0306
VCH-PAYDAY100,ORD-3802,2025-10-29 16:03:00,CUST-0012
VCH-PAYDAY100,ORD-2905,2025-08-28 20:02:00,CUST-0061
VCH-PAYDAY100,ORD-3844,30/10/2025 19:51  ,CUST-0185
VCH-PAYDAY100,ORD-3824,30/10/2025 19:46  ,CUST-0157
VCH-BUNDLE-20,ORD-2645,2025-08-18 18:51:00,CUST-0271
VCH-PAYDAY100,ORD-2940,2025-08-29 20:29:00,CUST-0115
VCH-PAYDAY100,ORD-1409,2025-05-30 10:11:00,CUST-0198
VCH-PAYDAY100,ORD-1883,2025-06-28 20:13:00,CUST-0197
VCH-DOUBLE-15,ORD-1551,2025-06-06 20:24:00,CUST-0293
VCH-DOUBLE-15,ORD-1564,07/06/2025 14:08  ,CUST-0031
VCH-DOUBLE-15,ORD-3175,2025-09-11 20:51:00,CUST-0282
VCH-PAYDAY100,ORD-3777,2025-10-28 15:08:00,CUST-0314
VCH-PAYDAY100,ORD-3689,2025-10-25 16:17:00,CUST-0222
VCH-PAYDAY100,ORD-1274,2025-05-25 12:54:00,CUST-0384
VCH-DOUBLE-15,ORD-3090,2025-09-09 20:51:00,CUST-0305
VCH-PAYDAY100,ORD-1352,2025-05-28 16:28:00,CUST-0206
VCH-BUNDLE-20,ORD-2714,20/08/2025 21:04  ,CUST-0080
VCH-PAYDAY100,ORD-3004,2025-08-31 18:49:00,CUST-0365
VCH-DOUBLE-15,ORD-1555,2025-06-07 22:05:00,CUST-0131
VCH-DOUBLE-15,ORD-1578,2025-06-08 19:29:00,CUST-0292
VCH-BUNDLE-20,ORD-2680,2025-08-19 12:26:00,CUST-0036
VCH-BUNDLE-20,ORD-2610,2025-08-16 11:44:00,CUST-0004
VCH-PAYDAY100,ORD-3705,2025-10-26 18:27:00,CUST-0179
VCH-PAYDAY100,ORD-2808,2025-08-26 13:07:00,CUST-0338
VCH-PAYDAY100,ORD-1865,2025-06-27 20:48:00,CUST-0014
VCH-DOUBLE-15,ORD-2065,2025-07-07 14:21:00,CUST-0321
VCH-DOUBLE-15,ORD-1565,2025-06-07 13:07:00,CUST-0087
VCH-BUNDLE-20,ORD-2711,2025-08-20 12:02:00,CUST-0071
VCH-PAYDAY100,ORD-2821,2025-08-26 09:41:00,CUST-0368
VCH-PAYDAY100,ORD-1338,2025-05-27 14:37:00,CUST-0325
VCH-PAYDAY100,ORD-3001,2025-08-31 15:16:00,CUST-0128
VCH-PAYDAY100,ORD-2818,2025-08-26 14:05:00,CUST-0034
VCH-BUNDLE-20,ORD-2689,2025-08-19 19:08:00,CUST-0043
VCH-PAYDAY100,ORD-2877,2025-08-28 09:19:00,CUST-0173
VCH-DOUBLE-15,ORD-2065,2025-07-07 12:45:00,CUST-0321
VCH-DOUBLE-15,ORD-3143,11/09/2025 10:19  ,CUST-0288
VCH-PAYDAY100,ORD-2781,2025-08-25 15:48:00,CUST-0380
VCH-PAYDAY100,ORD-1429,2025-05-30 10:18:00,CUST-0048
VCH-PAYDAY100,ORD-3842,30/10/2025 22:12  ,CUST-0206
VCH-PAYDAY100,ORD-2965,2025-08-30 16:01:00,CUST-0200
VCH-PAYDAY100,ORD-1833,26/06/2025 18:34  ,CUST-0393
VCH-PAYDAY100,ORD-1789,2025-06-25 19:15:00,CUST-0115
VCH-PAYDAY100,ORD-2871,2025-08-27 14:48:00,CUST-0260
VCH-PAYDAY100,ORD-3760,2025-10-27 11:52:00,CUST-0385
VCH-BUNDLE-20,ORD-2570,2025-08-16 15:27:00,CUST-0393
VCH-PAYDAY100,ORD-1832,26/06/2025 16:01  ,CUST-0094
VCH-PAYDAY100,ORD-1325,2025-05-27 19:19:00,CUST-0388
VCH-PAYDAY100,ORD-1285,2025-05-26 16:24:00,CUST-0392
VCH-PAYDAY100,ORD-1332,2025-05-27 10:53:00,CUST-0246
VCH-PAYDAY100,ORD-3849,30/10/2025 19:32  ,CUST-0241
VCH-PAYDAY100,ORD-1331,2025-05-27 14:08:00,CUST-0220
VCH-PAYDAY100,ORD-1357,2025-05-28 14:33:00,CUST-0247
VCH-DOUBLE-15,ORD-3140,2025-09-10 16:06:00,CUST-0043
VCH-BUNDLE-20,ORD-2651,2025-08-18 13:04:00,CUST-0136
VCH-PAYDAY100,ORD-1822,2025-06-26 17:49:00,CUST-0340
VCH-DOUBLE-15,ORD-3093,2025-09-09 11:09:00,CUST-0050
VCH-DOUBLE-15,ORD-1539,2025-06-06 15:17:00,CUST-0050
VCH-DOUBLE-15,ORD-2102,2025-07-08 16:17:00,CUST-0229
VCH-PAYDAY100,ORD-2831,26/08/2025 17:43  ,CUST-0140
VCH-PAYDAY100,ORD-3727,2025-10-26 20:07:00,CUST-0324
VCH-BUNDLE-20,ORD-2652,18/08/2025 10:40  ,CUST-0139
VCH-DOUBLE-15,ORD-3111,2025-09-09 09:27:00,CUST-0172
VCH-PAYDAY100,ORD-2772,2025-08-25 16:54:00,CUST-0017
VCH-PAYDAY100,ORD-3831,2025-10-30 20:33:00,CUST-0001
VCH-DOUBLE-15,ORD-2084,2025-07-08 22:03:00,CUST-0363
VCH-PAYDAY100,ORD-1924,2025-06-29 22:47:00,CUST-0178
VCH-BUNDLE-20,ORD-2618,2025-08-17 17:56:00,CUST-0330
VCH-BUNDLE-20,ORD-2567,2025-08-15 22:18:00,CUST-0253
VCH-PAYDAY100,ORD-2887,2025-08-28 17:37:00,CUST-0079
VCH-BUNDLE-20,ORD-2636,2025-08-17 21:50:00,CUST-0274
VCH-PAYDAY100,ORD-1453,2025-05-31 14:19:00,CUST-0339
VCH-PAYDAY100,ORD-2777,2025-08-25 19:28:00,CUST-0187
VCH-DOUBLE-15,ORD-1579,2025-06-08 16:39:00,CUST-0202
VCH-PAYDAY100,ORD-2890,28/08/2025 22:56  ,CUST-0322
VCH-DOUBLE-15,ORD-3129,2025-09-10 22:11:00,CUST-0069
VCH-PAYDAY100,ORD-1967,2025-06-30 17:20:00,CUST-0265
VCH-BUNDLE-20,ORD-2713,2025-08-20 13:58:00,CUST-0120
VCH-DOUBLE-15,ORD-3124,2025-09-10 10:30:00,CUST-0334
VCH-PAYDAY100,ORD-1307,2025-05-27 16:00:00,CUST-0325
VCH-PAYDAY100,ORD-1869,2025-06-27 18:35:00,CUST-0005
VCH-PAYDAY100,ORD-1934,2025-06-29 17:52:00,CUST-0380
VCH-PAYDAY100,ORD-1913,2025-06-29 19:30:00,CUST-0304
VCH-BUNDLE-20,ORD-2648,18/08/2025 20:22  ,CUST-0139
VCH-DOUBLE-15,ORD-3098,2025-09-09 14:21:00,CUST-0330
VCH-PAYDAY100,ORD-1830,26/06/2025 15:43  ,CUST-0205
VCH-PAYDAY100,ORD-1836,2025-06-27 09:51:00,CUST-0115
VCH-DOUBLE-15,ORD-1609,2025-06-08 13:36:00,CUST-0379
VCH-PAYDAY100,ORD-3696,2025-10-25 09:24:00,CUST-0075
VCH-PAYDAY100,ORD-1930,2025-06-29 21:22:00,CUST-0385
VCH-BUNDLE-20,ORD-2581,2025-08-16 10:02:00,CUST-0313
VCH-DOUBLE-15,ORD-2120,2025-07-09 16:50:00,CUST-0001
VCH-DOUBLE-15,ORD-3117,2025-09-10 14:33:00,CUST-0159
VCH-PAYDAY100,ORD-3778,2025-10-28 20:22:00,CUST-0006
VCH-DOUBLE-15,ORD-3145,2025-09-11 12:20:00,CUST-0265
VCH-PAYDAY100,ORD-3806,2025-10-29 11:18:00,CUST-0227
VCH-PAYDAY100,ORD-2852,2025-08-27 10:38:00,CUST-0390
VCH-PAYDAY100,ORD-1927,2025-06-29 09:28:00,CUST-0332
VCH-PAYDAY100,ORD-1365,2025-05-28 17:54:00,CUST-0075
VCH-DOUBLE-15,ORD-2089,08/07/2025 21:54  ,CUST-0349
VCH-PAYDAY100,ORD-1948,2025-06-30 12:14:00,CUST-0213
VCH-PAYDAY100,ORD-3853,2025-10-30 09:03:00,CUST-0228
VCH-BUNDLE-20,ORD-2632,2025-08-17 18:13:00,CUST-0228
VCH-PAYDAY100,ORD-3733,2025-10-26 16:47:00,CUST-0272
VCH-PAYDAY100,ORD-1808,2025-06-26 16:31:00,CUST-0386
VCH-DOUBLE-15,ORD-2088,08/07/2025 18:49  ,CUST-0387
VCH-PAYDAY100,ORD-1454,31/05/2025 22:08  ,CUST-0156
VCH-BUNDLE-20,ORD-2718,20/08/2025 16:34  ,CUST-0105
VCH-PAYDAY100,ORD-1974,2025-06-30 13:36:00,CUST-0245
VCH-PAYDAY100,ORD-2802,2025-08-26 12:08:00,CUST-0368
VCH-PAYDAY100,ORD-1811,2025-06-26 10:16:00,CUST-0076
VCH-PAYDAY100,ORD-1976,2025-06-30 22:34:00,CUST-0253
VCH-PAYDAY100,ORD-3770,2025-10-28 13:51:00,CUST-0038
VCH-PAYDAY100,ORD-1371,2025-05-29 10:13:00,CUST-0095
VCH-PAYDAY100,ORD-2832,2025-08-26 18:21:00,CUST-0328
VCH-BUNDLE-20,ORD-2560,2025-08-15 15:23:00,CUST-0134
VCH-PAYDAY100,ORD-1432,2025-05-31 15:26:00,CUST-0100
VCH-PAYDAY100,ORD-3724,2025-10-26 20:21:00,CUST-0198
VCH-PAYDAY100,ORD-2808,2025-08-26 12:54:00,CUST-0338
VCH-BUNDLE-20,ORD-2607,2025-08-16 09:24:00,CUST-0152
VCH-PAYDAY100,ORD-2913,2025-08-29 21:54:00,CUST-0072
VCH-DOUBLE-15,ORD-3153,2025-09-11 16:50:00,CUST-0123
VCH-BUNDLE-20,ORD-2593,2025-08-16 20:43:00,CUST-0297
VCH-DOUBLE-15,ORD-2128,2025-07-09 10:16:00,CUST-0098
VCH-PAYDAY100,ORD-3682,2025-10-25 14:43:00,CUST-0337
VCH-PAYDAY100,ORD-2909,28/08/2025 13:57  ,CUST-0085
VCH-BUNDLE-20,ORD-2553,15/08/2025 22:23  ,CUST-0097
VCH-PAYDAY100,ORD-2927,29/08/2025 09:02  ,CUST-0218
VCH-BUNDLE-20,ORD-2628,17/08/2025 13:58  ,CUST-0324
VCH-DOUBLE-15,ORD-2079,2025-07-07 20:24:00,CUST-0010
VCH-BUNDLE-20,ORD-2634,17/08/2025 09:15  ,CUST-0100
VCH-PAYDAY100,ORD-1283,26/05/2025 17:07  ,CUST-0061
VCH-PAYDAY100,ORD-1329,2025-05-27 13:06:00,CUST-0291
VCH-DOUBLE-15,ORD-3103,2025-09-09 15:49:00,CUST-0218
VCH-PAYDAY100,ORD-1851,2025-06-27 21:04:00,CUST-0107
VCH-PAYDAY100,ORD-3685,2025-10-25 10:06:00,CUST-0013
VCH-PAYDAY100,ORD-1833,2025-06-26 11:25:00,CUST-0393
VCH-BUNDLE-20,ORD-2690,2025-08-19 22:54:00,CUST-0094
VCH-PAYDAY100,ORD-3749,27/10/2025 21:32  ,CUST-0213
VCH-DOUBLE-15,ORD-2058,07/07/2025 11:21  ,CUST-0394
VCH-DOUBLE-15,ORD-1560,2025-06-07 18:07:00,CUST-0293
VCH-DOUBLE-15,ORD-1606,2025-06-08 16:02:00,CUST-0249
VCH-PAYDAY100,ORD-2913,2025-08-29 18:37:00,CUST-0072
VCH-BUNDLE-20,ORD-2607,16/08/2025 17:57  ,CUST-0152
VCH-PAYDAY100,ORD-3737,27/10/2025 18:26  ,CUST-0131
VCH-PAYDAY100,ORD-1911,2025-06-29 19:42:00,CUST-0219
VCH-PAYDAY100,ORD-2833,2025-08-27 17:19:00,CUST-0249
VCH-PAYDAY100,ORD-1887,2025-06-28 21:04:00,CUST-0373
VCH-DOUBLE-15,ORD-3097,2025-09-09 21:37:00,CUST-0052
VCH-DOUBLE-15,ORD-1539,2025-06-06 09:34:00,CUST-0050
VCH-PAYDAY100,ORD-1402,2025-05-29 11:08:00,CUST-0026
VCH-PAYDAY100,ORD-1276,2025-05-25 15:54:00,CUST-0005
VCH-PAYDAY100,ORD-2905,2025-08-28 20:42:00,CUST-0061
VCH-DOUBLE-15,ORD-1569,2025-06-07 18:11:00,CUST-0140
VCH-PAYDAY100,ORD-3793,28/10/2025 17:26  ,CUST-0260
VCH-PAYDAY100,ORD-1462,2025-05-31 20:07:00,CUST-0259
VCH-DOUBLE-15,ORD-2077,07/07/2025 17:57  ,CUST-0254
VCH-PAYDAY100,ORD-1408,2025-05-30 10:01:00,CUST-0336
VCH-PAYDAY100,ORD-3729,2025-10-26 21:03:00,CUST-0087
VCH-PAYDAY100,ORD-1902,2025-06-29 15:23:00,CUST-0248
VCH-DOUBLE-15,ORD-2095,2025-07-08 11:20:00,CUST-0066
VCH-DOUBLE-15,ORD-2119,2025-07-09 22:12:00,CUST-0144
VCH-PAYDAY100,ORD-2778,25/08/2025 15:56  ,CUST-0208
VCH-PAYDAY100,ORD-2939,2025-08-29 21:42:00,CUST-0076
VCH-PAYDAY100,ORD-3886,31/10/2025 18:41  ,CUST-0036
VCH-BUNDLE-20,ORD-2564,2025-08-15 21:58:00,CUST-0272
VCH-PAYDAY100,ORD-3709,2025-10-26 09:26:00,CUST-0023
VCH-PAYDAY100,ORD-1803,2025-06-25 21:20:00,CUST-0166
VCH-BUNDLE-20,ORD-2700,2025-08-19 10:15:00,CUST-0042
VCH-DOUBLE-15,ORD-3105,2025-09-09 15:37:00,CUST-0213
VCH-DOUBLE-15,ORD-1527,06/06/2025 20:12  ,CUST-0383
VCH-PAYDAY100,ORD-1853,2025-06-27 10:34:00,CUST-0149
VCH-PAYDAY100,ORD-2785,25/08/2025 17:43  ,CUST-0313
VCH-BUNDLE-20,ORD-2608,2025-08-16 19:41:00,CUST-0162
VCH-PAYDAY100,ORD-3786,28/10/2025 16:55  ,CUST-0229
VCH-PAYDAY100,ORD-1334,2025-05-27 11:29:00,CUST-0335
VCH-PAYDAY100,ORD-1913,2025-06-29 10:59:00,CUST-0304
VCH-PAYDAY100,ORD-1374,2025-05-29 18:27:00,CUST-0340
VCH-PAYDAY100,ORD-3785,2025-10-28 09:34:00,CUST-0048
VCH-DOUBLE-15,ORD-1546,2025-06-06 11:47:00,CUST-0315
VCH-BUNDLE-20,ORD-2660,2025-08-18 12:26:00,CUST-0057
VCH-PAYDAY100,ORD-1963,2025-06-30 20:28:00,CUST-0169
VCH-PAYDAY100,ORD-1826,2025-06-26 19:09:00,CUST-0063
VCH-PAYDAY100,ORD-1354,2025-05-28 17:00:00,CUST-0081
VCH-DOUBLE-15,ORD-1610,2025-06-08 19:39:00,CUST-0194
VCH-PAYDAY100,ORD-2987,2025-08-31 10:24:00,CUST-0310
VCH-BUNDLE-20,ORD-2728,20/08/2025 18:07  ,CUST-0053
VCH-PAYDAY100,ORD-1336,2025-05-27 13:23:00,CUST-0075
VCH-PAYDAY100,ORD-3830,2025-10-30 14:07:00,CUST-0226
VCH-PAYDAY100,ORD-1384,2025-05-29 09:03:00,CUST-0046
VCH-PAYDAY100,ORD-3794,2025-10-28 16:37:00,CUST-0044
VCH-PAYDAY100,ORD-2788,2025-08-25 22:47:00,CUST-0311
VCH-DOUBLE-15,ORD-1562,2025-06-07 18:43:00,CUST-0210
VCH-DOUBLE-15,ORD-1602,2025-06-08 19:32:00,CUST-0133
VCH-PAYDAY100,ORD-2943,2025-08-29 12:38:00,CUST-0068
VCH-PAYDAY100,ORD-2899,2025-08-28 09:19:00,CUST-0245
VCH-DOUBLE-15,ORD-1544,2025-06-06 21:35:00,CUST-0222
VCH-PAYDAY100,ORD-1455,2025-05-31 15:25:00,CUST-0057
VCH-PAYDAY100,ORD-1287,2025-05-26 21:25:00,CUST-0352
VCH-PAYDAY100,ORD-2989,2025-08-31 12:08:00,CUST-0319
VCH-PAYDAY100,ORD-1807,2025-06-25 10:30:00,CUST-0146
VCH-BUNDLE-20,ORD-2554,15/08/2025 22:48  ,CUST-0287
VCH-DOUBLE-15,ORD-3099,2025-09-09 20:48:00,CUST-0096
VCH-DOUBLE-15,ORD-1554,07/06/2025 20:23  ,CUST-0311
VCH-PAYDAY100,ORD-1971,2025-06-30 22:15:00,CUST-0229
VCH-DOUBLE-15,ORD-3147,2025-09-11 22:57:00,CUST-0313
VCH-PAYDAY100,ORD-1791,2025-06-25 21:25:00,CUST-0221
VCH-PAYDAY100,ORD-2970,30/08/2025 18:08  ,CUST-0053
VCH-DOUBLE-15,ORD-1559,07/06/2025 11:25  ,CUST-0134
VCH-DOUBLE-15,ORD-1580,2025-06-08 09:00:00,CUST-0096
VCH-PAYDAY100,ORD-2972,2025-08-30 14:15:00,CUST-0277
VCH-PAYDAY100,ORD-3795,2025-10-28 17:40:00,CUST-0249
VCH-BUNDLE-20,ORD-2566,2025-08-15 10:31:00,CUST-0318
VCH-PAYDAY100,ORD-1316,2025-05-27 11:43:00,CUST-0364
VCH-PAYDAY100,ORD-1400,2025-05-29 12:47:00,CUST-0029
VCH-PAYDAY100,ORD-3876,2025-10-31 19:29:00,CUST-0003
VCH-DOUBLE-15,ORD-3141,2025-09-10 18:56:00,CUST-0150
VCH-PAYDAY100,ORD-1960,2025-06-30 22:46:00,CUST-0267
VCH-PAYDAY100,ORD-2911,2025-08-28 21:09:00,CUST-0231
VCH-BUNDLE-20,ORD-2606,2025-08-16 21:02:00,CUST-0292
VCH-DOUBLE-15,ORD-1529,06/06/2025 15:18  ,CUST-0209
VCH-PAYDAY100,ORD-2895,28/08/2025 12:17  ,CUST-0068
VCH-PAYDAY100,ORD-1895,2025-06-28 16:46:00,CUST-0134
VCH-PAYDAY100,ORD-1303,2025-05-27 12:54:00,CUST-0229
VCH-BUNDLE-20,ORD-2710,2025-08-20 10:39:00,CUST-0333
VCH-BUNDLE-20,ORD-2665,2025-08-18 13:46:00,CUST-0298
VCH-DOUBLE-15,ORD-3156,2025-09-11 21:21:00,CUST-0368
VCH-DOUBLE-15,ORD-3112,2025-09-09 16:52:00,CUST-0351
VCH-PAYDAY100,ORD-3883,2025-10-31 16:08:00,CUST-0244
VCH-PAYDAY100,ORD-2945,29/08/2025 15:28  ,CUST-0057
VCH-DOUBLE-15,ORD-2081,2025-07-07 12:04:00,CUST-0044
VCH-PAYDAY100,ORD-3731,2025-10-26 14:24:00,CUST-0206
VCH-PAYDAY100,ORD-2966,2025-08-30 15:34:00,CUST-0194
VCH-PAYDAY100,ORD-1348,2025-05-28 17:50:00,CUST-0275
VCH-PAYDAY100,ORD-2878,2025-08-28 14:31:00,CUST-0105
VCH-BUNDLE-20,ORD-2723,2025-08-20 17:27:00,CUST-0107
VCH-PAYDAY100,ORD-2867,2025-08-27 18:41:00,CUST-0199
VCH-PAYDAY100,ORD-1824,2025-06-26 15:40:00,CUST-0255
VCH-DOUBLE-15,ORD-3132,2025-09-10 17:50:00,CUST-0120
VCH-DOUBLE-15,ORD-3127,2025-09-10 10:42:00,CUST-0139
VCH-PAYDAY100,ORD-1944,30/06/2025 11:38  ,CUST-0353
VCH-PAYDAY100,ORD-2807,2025-08-26 21:38:00,CUST-0129
VCH-BUNDLE-20,ORD-2619,2025-08-17 15:11:00,CUST-0035
VCH-BUNDLE-20,ORD-2706,2025-08-20 17:02:00,CUST-0147
VCH-DOUBLE-15,ORD-3169,11/09/2025 10:35  ,CUST-0039
VCH-PAYDAY100,ORD-2996,2025-08-31 13:12:00,CUST-0263
VCH-PAYDAY100,ORD-1302,2025-05-27 21:36:00,CUST-0026
VCH-PAYDAY100,ORD-1342,2025-05-27 21:11:00,CUST-0289
VCH-BUNDLE-20,ORD-2675,2025-08-19 10:46:00,CUST-0021
VCH-PAYDAY100,ORD-2817,2025-08-26 21:17:00,CUST-0153
VCH-DOUBLE-15,ORD-1564,2025-06-07 18:45:00,CUST-0031
VCH-PAYDAY100,ORD-1970,2025-06-30 17:55:00,CUST-0321
VCH-PAYDAY100,ORD-1958,2025-06-30 18:29:00,CUST-0200
VCH-BUNDLE-20,ORD-2612,2025-08-16 19:34:00,CUST-0399
VCH-BUNDLE-20,ORD-2663,2025-08-18 11:30:00,CUST-0316
VCH-PAYDAY100,ORD-3858,2025-10-31 16:44:00,CUST-0366
VCH-BUNDLE-20,ORD-2579,2025-08-16 16:28:00,CUST-0159
VCH-PAYDAY100,ORD-2973,30/08/2025 13:46  ,CUST-0389
VCH-PAYDAY100,ORD-3802,29/10/2025 13:09  ,CUST-0012
VCH-DOUBLE-15,ORD-3170,2025-09-11 13:08:00,CUST-0375
VCH-PAYDAY100,ORD-2903,2025-08-28 21:27:00,CUST-0135
VCH-PAYDAY100,ORD-1839,2025-06-27 11:32:00,CUST-0316
VCH-BUNDLE-20,ORD-2664,2025-08-18 18:34:00,CUST-0309
VCH-DOUBLE-15,ORD-3167,2025-09-11 09:09:00,CUST-0246
VCH-PAYDAY100,ORD-1269,2025-05-25 20:43:00,CUST-0020
VCH-DOUBLE-15,ORD-3160,2025-09-11 16:42:00,CUST-0157
VCH-PAYDAY100,ORD-2908,2025-08-28 16:17:00,CUST-0373
VCH-DOUBLE-15,ORD-3093,2025-09-09 14:06:00,CUST-0050
VCH-PAYDAY100,ORD-1968,2025-06-30 10:21:00,CUST-0332
VCH-PAYDAY100,ORD-3855,2025-10-31 21:19:00,CUST-0360
VCH-PAYDAY100,ORD-2835,2025-08-27 09:51:00,CUST-0280
VCH-PAYDAY100,ORD-3763,2025-10-28 19:36:00,CUST-0343
VCH-DOUBLE-15,ORD-3178,2025-09-11 15:10:00,CUST-0341
VCH-DOUBLE-15,ORD-1567,2025-06-07 09:28:00,CUST-0094
VCH-DOUBLE-15,ORD-2124,09/07/2025 18:08  ,CUST-0231
VCH-PAYDAY100,ORD-3837,2025-10-30 09:12:00,CUST-0320
VCH-PAYDAY100,ORD-2854,2025-08-27 17:14:00,CUST-0030
VCH-DOUBLE-15,ORD-2078,2025-07-07 22:59:00,CUST-0222
VCH-DOUBLE-15,ORD-2091,2025-07-08 09:25:00,CUST-0205
VCH-PAYDAY100,ORD-2926,2025-08-29 11:01:00,CUST-0207
VCH-PAYDAY100,ORD-3880,2025-10-31 13:23:00,CUST-0082
VCH-PAYDAY100,ORD-3784,28/10/2025 12:52  ,CUST-0028
VCH-DOUBLE-15,ORD-3092,2025-09-09 11:15:00,CUST-0140
VCH-BUNDLE-20,ORD-2655,2025-08-18 15:46:00,CUST-0078
VCH-PAYDAY100,ORD-3839,2025-10-30 09:37:00,CUST-0376
VCH-PAYDAY100,ORD-2914,2025-08-29 21:54:00,CUST-0107
VCH-PAYDAY100,ORD-2774,2025-08-25 19:56:00,CUST-0334
VCH-DOUBLE-15,ORD-1610,2025-06-08 16:42:00,CUST-0194
VCH-DOUBLE-15,ORD-3174,2025-09-11 18:56:00,CUST-0158
VCH-BUNDLE-20,ORD-2583,2025-08-16 20:35:00,CUST-0314
VCH-PAYDAY100,ORD-2908,2025-08-28 16:00:00,CUST-0373
VCH-DOUBLE-15,ORD-1550,2025-06-06 22:46:00,CUST-0033
VCH-PAYDAY100,ORD-1821,2025-06-26 21:09:00,CUST-0005
VCH-PAYDAY100,ORD-3706,2025-10-26 15:04:00,CUST-0149
VCH-PAYDAY100,ORD-3762,2025-10-28 10:15:00,CUST-0320
VCH-BUNDLE-20,ORD-2691,19/08/2025 09:26  ,CUST-0243
VCH-DOUBLE-15,ORD-3163,2025-09-11 13:53:00,CUST-0374
VCH-PAYDAY100,ORD-2790,2025-08-25 19:32:00,CUST-0195
VCH-PAYDAY100,ORD-1873,2025-06-27 10:38:00,CUST-0151
VCH-DOUBLE-15,ORD-3091,2025-09-09 15:28:00,CUST-0285
VCH-PAYDAY100,ORD-1959,30/06/2025 22:58  ,CUST-0228
VCH-BUNDLE-20,ORD-2636,2025-08-17 12:45:00,CUST-0274
VCH-PAYDAY100,ORD-3824,2025-10-30 11:28:00,CUST-0157
VCH-PAYDAY100,ORD-2970,30/08/2025 14:49  ,CUST-0053
VCH-PAYDAY100,ORD-3803,2025-10-29 19:18:00,CUST-0239
VCH-PAYDAY100,ORD-2769,2025-08-25 14:50:00,CUST-0228
VCH-PAYDAY100,ORD-1349,2025-05-28 20:14:00,CUST-0130
VCH-PAYDAY100,ORD-1908,2025-06-29 14:59:00,CUST-0268
VCH-BUNDLE-20,ORD-2722,2025-08-20 22:53:00,CUST-0070
VCH-DOUBLE-15,ORD-1599,2025-06-08 15:28:00,CUST-0339
VCH-PAYDAY100,ORD-1794,2025-06-25 13:57:00,CUST-0322
VCH-PAYDAY100,ORD-1868,2025-06-27 22:11:00,CUST-0335
VCH-PAYDAY100,ORD-1884,28/06/2025 11:18  ,CUST-0316
VCH-PAYDAY100,ORD-3792,2025-10-28 19:40:00,CUST-0225
VCH-PAYDAY100,ORD-3856,2025-10-31 20:31:00,CUST-0131
VCH-BUNDLE-20,ORD-2662,2025-08-18 21:53:00,CUST-0301
VCH-BUNDLE-20,ORD-2641,2025-08-18 22:45:00,CUST-0176
VCH-BUNDLE-20,ORD-2609,2025-08-16 22:52:00,CUST-0351
VCH-PAYDAY100,ORD-1428,2025-05-30 18:42:00,CUST-0309
VCH-PAYDAY100,ORD-3715,2025-10-26 12:02:00,CUST-0243
VCH-PAYDAY100,ORD-3736,2025-10-27 10:39:00,CUST-0310
VCH-PAYDAY100,ORD-1421,2025-05-30 21:52:00,CUST-0021
VCH-PAYDAY100,ORD-1950,2025-06-30 10:40:00,CUST-0108
VCH-PAYDAY100,ORD-2960,2025-08-30 17:16:00,CUST-0170
VCH-PAYDAY100,ORD-3769,28/10/2025 16:31  ,CUST-0219
VCH-PAYDAY100,ORD-3694,2025-10-25 21:24:00,CUST-0006
VCH-PAYDAY100,ORD-2879,28/08/2025 21:14  ,CUST-0001
VCH-PAYDAY100,ORD-1339,2025-05-27 12:04:00,CUST-0177
VCH-PAYDAY100,ORD-3791,2025-10-28 22:29:00,CUST-0308
VCH-PAYDAY100,ORD-2829,2025-08-26 10:38:00,CUST-0284
VCH-PAYDAY100,ORD-3771,2025-10-28 17:37:00,CUST-0177
VCH-DOUBLE-15,ORD-1585,2025-06-08 18:46:00,CUST-0027
VCH-PAYDAY100,ORD-2811,2025-08-26 18:52:00,CUST-0312
VCH-PAYDAY100,ORD-2883,2025-08-28 11:57:00,CUST-0264
VCH-BUNDLE-20,ORD-2592,2025-08-16 20:07:00,CUST-0039
VCH-PAYDAY100,ORD-2838,2025-08-27 18:18:00,CUST-0140
VCH-PAYDAY100,ORD-2841,27/08/2025 15:57  ,CUST-0159
VCH-BUNDLE-20,ORD-2726,2025-08-20 21:33:00,CUST-0174
VCH-PAYDAY100,ORD-2983,2025-08-31 20:39:00,CUST-0116
VCH-DOUBLE-15,ORD-1586,2025-06-08 18:20:00,CUST-0263
VCH-PAYDAY100,ORD-1910,2025-06-29 12:17:00,CUST-0240
VCH-PAYDAY100,ORD-1881,2025-06-28 11:46:00,CUST-0379
VCH-PAYDAY100,ORD-2967,2025-08-30 11:14:00,CUST-0242
VCH-PAYDAY100,ORD-1886,2025-06-28 10:45:00,CUST-0190
VCH-PAYDAY100,ORD-1292,26/05/2025 17:31  ,CUST-0399
VCH-PAYDAY100,ORD-1875,2025-06-27 18:40:00,CUST-0391
VCH-PAYDAY100,ORD-2994,2025-08-31 15:13:00,CUST-0245
VCH-BUNDLE-20,ORD-2552,15/08/2025 09:09  ,CUST-0017
VCH-PAYDAY100,ORD-1394,2025-05-29 10:10:00,CUST-0040
VCH-PAYDAY100,ORD-2839,2025-08-27 15:22:00,CUST-0116
VCH-DOUBLE-15,ORD-3156,2025-09-11 12:47:00,CUST-0368
VCH-PAYDAY100,ORD-2993,2025-08-31 17:03:00,CUST-0035
VCH-DOUBLE-15,ORD-2073,2025-07-07 12:07:00,CUST-0317
VCH-BUNDLE-20,ORD-2643,18/08/2025 11:31  ,CUST-0136
VCH-PAYDAY100,ORD-1399,2025-05-29 20:51:00,CUST-0293
VCH-PAYDAY100,ORD-3727,2025-10-26 22:00:00,CUST-0324
VCH-PAYDAY100,ORD-1951,2025-06-30 15:58:00,CUST-0043
VCH-PAYDAY100,ORD-3723,2025-10-26 20:52:00,CUST-0334
VCH-PAYDAY100,ORD-3832,30/10/2025 21:36  ,CUST-0255
VCH-PAYDAY100,ORD-2902,2025-08-28 19:17:00,CUST-0317
VCH-PAYDAY100,ORD-3692,2025-10-25 15:52:00,CUST-0291
VCH-PAYDAY100,ORD-1849,2025-06-27 09:51:00,CUST-0271
VCH-PAYDAY100,ORD-1860,2025-06-27 19:07:00,CUST-0145
VCH-PAYDAY100,ORD-1423,30/05/2025 16:37  ,CUST-0300
VCH-PAYDAY100,ORD-2876,2025-08-28 18:56:00,CUST-0327
VCH-PAYDAY100,ORD-1877,28/06/2025 22:08  ,CUST-0228
VCH-DOUBLE-15,ORD-3097,2025-09-09 11:13:00,CUST-0052
VCH-PAYDAY100,ORD-3800,2025-10-29 09:47:00,CUST-0301
VCH-PAYDAY100,ORD-1454,2025-05-31 09:45:00,CUST-0156
VCH-PAYDAY100,ORD-3751,2025-10-27 09:58:00,CUST-0352
VCH-DOUBLE-15,ORD-3158,2025-09-11 22:26:00,CUST-0391
VCH-PAYDAY100,ORD-1792,2025-06-25 19:49:00,CUST-0134
VCH-PAYDAY100,ORD-1905,2025-06-29 16:45:00,CUST-0138
VCH-BUNDLE-20,ORD-2723,2025-08-20 15:37:00,CUST-0107
VCH-BUNDLE-20,ORD-2648,2025-08-18 17:57:00,CUST-0139
VCH-PAYDAY100,ORD-2937,29/08/2025 15:31  ,CUST-0393
VCH-PAYDAY100,ORD-3776,2025-10-28 13:36:00,CUST-0336
VCH-DOUBLE-15,ORD-1531,2025-06-06 19:25:00,CUST-0087
VCH-PAYDAY100,ORD-1811,2025-06-26 16:42:00,CUST-0076
VCH-PAYDAY100,ORD-2800,2025-08-26 21:05:00,CUST-0001
VCH-PAYDAY100,ORD-3005,2025-08-31 14:57:00,CUST-0138
VCH-PAYDAY100,ORD-2965,2025-08-30 13:07:00,CUST-0200
VCH-DOUBLE-15,ORD-3097,2025-09-09 21:01:00,CUST-0052
VCH-PAYDAY100,ORD-2975,2025-08-30 13:44:00,CUST-0228
VCH-PAYDAY100,ORD-2886,2025-08-28 18:53:00,CUST-0272
VCH-PAYDAY100,ORD-1266,2025-05-25 13:33:00,CUST-0305
VCH-PAYDAY100,ORD-1406,2025-05-29 16:01:00,CUST-0318
VCH-DOUBLE-15,ORD-1566,07/06/2025 16:48  ,CUST-0135
VCH-PAYDAY100,ORD-3743,2025-10-27 12:22:00,CUST-0041
VCH-DOUBLE-15,ORD-3095,2025-09-09 20:24:00,CUST-0199
VCH-PAYDAY100,ORD-1383,2025-05-29 16:44:00,CUST-0142
VCH-BUNDLE-20,ORD-2591,2025-08-16 22:41:00,CUST-0371
VCH-PAYDAY100,ORD-1828,26/06/2025 11:22  ,CUST-0064
VCH-PAYDAY100,ORD-1415,2025-05-30 11:20:00,CUST-0395
VCH-PAYDAY100,ORD-2810,2025-08-26 19:09:00,CUST-0153
VCH-BUNDLE-20,ORD-2561,2025-08-15 11:20:00,CUST-0226
VCH-DOUBLE-15,ORD-1603,2025-06-08 14:33:00,CUST-0121
VCH-PAYDAY100,ORD-1313,2025-05-27 09:44:00,CUST-0344
VCH-PAYDAY100,ORD-1271,25/05/2025 11:12  ,CUST-0034
VCH-DOUBLE-15,ORD-1560,2025-06-07 11:03:00,CUST-0293
VCH-PAYDAY100,ORD-1867,2025-06-27 13:23:00,CUST-0141
VCH-PAYDAY100,ORD-3764,2025-10-28 12:03:00,CUST-0161
VCH-PAYDAY100,ORD-1419,2025-05-30 20:36:00,CUST-0114
VCH-BUNDLE-20,ORD-2557,2025-08-15 13:52:00,CUST-0329
VCH-DOUBLE-15,ORD-1558,2025-06-07 14:28:00,CUST-0081
VCH-PAYDAY100,ORD-1829,2025-06-26 12:51:00,CUST-0258
VCH-PAYDAY100,ORD-1377,2025-05-29 18:28:00,CUST-0123
VCH-PAYDAY100,ORD-1797,2025-06-25 09:20:00,CUST-0275
VCH-PAYDAY100,ORD-1869,2025-06-27 18:41:00,CUST-0005
VCH-BUNDLE-20,ORD-2606,2025-08-16 20:07:00,CUST-0292
VCH-PAYDAY100,ORD-1831,26/06/2025 13:36  ,CUST-0072
VCH-PAYDAY100,ORD-1368,2025-05-28 15:39:00,CUST-0400
VCH-PAYDAY100,ORD-1938,2025-06-29 20:40:00,CUST-0352
VCH-DOUBLE-15,ORD-3168,11/09/2025 13:45  ,CUST-0137
VCH-PAYDAY100,ORD-2949,2025-08-29 15:31:00,CUST-0024
VCH-PAYDAY100,ORD-2891,2025-08-28 14:31:00,CUST-0351
VCH-PAYDAY100,ORD-3875,31/10/2025 22:38  ,CUST-0186
VCH-PAYDAY100,ORD-1388,2025-05-29 11:56:00,CUST-0152
VCH-DOUBLE-15,ORD-1583,2025-06-08 16:27:00,CUST-0333
VCH-PAYDAY100,ORD-2786,2025-08-25 09:07:00,CUST-0045
VCH-PAYDAY100,ORD-3866,31/10/2025 13:26  ,CUST-0348
VCH-DOUBLE-15,ORD-1608,2025-06-08 13:56:00,CUST-0192
VCH-PAYDAY100,ORD-1872,2025-06-27 15:57:00,CUST-0329
VCH-PAYDAY100,ORD-1455,2025-05-31 12:35:00,CUST-0057
VCH-DOUBLE-15,ORD-3122,2025-09-10 18:02:00,CUST-0309
VCH-PAYDAY100,ORD-2952,2025-08-29 09:15:00,CUST-0061
VCH-BUNDLE-20,ORD-2654,2025-08-18 16:44:00,CUST-0270
VCH-PAYDAY100,ORD-2784,2025-08-25 09:34:00,CUST-0291
VCH-DOUBLE-15,ORD-1614,2025-06-08 10:06:00,CUST-0012
VCH-PAYDAY100,ORD-1319,2025-05-27 14:21:00,CUST-0259
VCH-PAYDAY100,ORD-1439,31/05/2025 10:52  ,CUST-0098
VCH-DOUBLE-15,ORD-1607,2025-06-08 17:09:00,CUST-0190
VCH-DOUBLE-15,ORD-2111,09/07/2025 20:59  ,CUST-0015
VCH-PAYDAY100,ORD-1291,2025-05-26 21:06:00,CUST-0311
VCH-DOUBLE-15,ORD-3144,2025-09-11 20:11:00,CUST-0170
VCH-PAYDAY100,ORD-1418,30/05/2025 21:00  ,CUST-0192
VCH-BUNDLE-20,ORD-2703,2025-08-19 10:26:00,CUST-0062
VCH-PAYDAY100,ORD-2788,2025-08-25 21:15:00,CUST-0311
VCH-DOUBLE-15,ORD-2065,07/07/2025 18:23  ,CUST-0321
VCH-BUNDLE-20,ORD-2611,2025-08-16 10:59:00,CUST-0029
VCH-PAYDAY100,ORD-2920,2025-08-29 16:41:00,CUST-0033
VCH-PAYDAY100,ORD-1284,2025-05-26 13:13:00,CUST-0210
VCH-PAYDAY100,ORD-3843,2025-10-30 22:59:00,CUST-0055
VCH-PAYDAY100,ORD-1270,2025-05-25 14:52:00,CUST-0069
VCH-PAYDAY100,ORD-3675,2025-10-25 20:07:00,CUST-0322
VCH-PAYDAY100,ORD-2931,2025-08-29 15:50:00,CUST-0065
VCH-PAYDAY100,ORD-2976,2025-08-30 09:24:00,CUST-0143
VCH-BUNDLE-20,ORD-2714,2025-08-20 17:21:00,CUST-0080
VCH-BUNDLE-20,ORD-2578,2025-08-16 16:25:00,CUST-0262
VCH-DOUBLE-15,ORD-2103,2025-07-09 14:53:00,CUST-0066
VCH-PAYDAY100,ORD-3676,2025-10-25 09:45:00,CUST-0076
VCH-DOUBLE-15,ORD-1595,2025-06-08 21:49:00,CUST-0051
VCH-PAYDAY100,ORD-3674,2025-10-25 09:32:00,CUST-0181
VCH-DOUBLE-15,ORD-3172,2025-09-11 10:05:00,CUST-0377
VCH-DOUBLE-15,ORD-3168,11/09/2025 14:21  ,CUST-0137
VCH-PAYDAY100,ORD-1865,2025-06-27 14:46:00,CUST-0014
VCH-PAYDAY100,ORD-1888,2025-06-28 22:14:00,CUST-0020
VCH-PAYDAY100,ORD-3825,2025-10-30 09:10:00,CUST-0225
VCH-PAYDAY100,ORD-2824,2025-08-26 16:34:00,CUST-0279
VCH-PAYDAY100,ORD-2780,2025-08-25 17:48:00,CUST-0213
VCH-PAYDAY100,ORD-1441,2025-05-31 21:19:00,CUST-0171
VCH-BUNDLE-20,ORD-2571,2025-08-16 21:10:00,CUST-0307
VCH-PAYDAY100,ORD-1377,29/05/2025 15:12  ,CUST-0123
VCH-PAYDAY100,ORD-3779,2025-10-28 09:38:00,CUST-0097
VCH-PAYDAY100,ORD-3722,2025-10-26 19:22:00,CUST-0049
VCH-PAYDAY100,ORD-2799,2025-08-26 12:39:00,CUST-0094
VCH-PAYDAY100,ORD-1959,2025-06-30 20:02:00,CUST-0228
VCH-BUNDLE-20,ORD-2669,2025-08-18 12:47:00,CUST-0104
VCH-PAYDAY100,ORD-1445,2025-05-31 14:19:00,CUST-0201
VCH-PAYDAY100,ORD-2943,2025-08-29 15:53:00,CUST-0068
VCH-BUNDLE-20,ORD-2717,2025-08-20 14:04:00,CUST-0378
VCH-PAYDAY100,ORD-1355,2025-05-28 17:06:00,CUST-0047
VCH-PAYDAY100,ORD-2889,2025-08-28 16:37:00,CUST-0366
VCH-BUNDLE-20,ORD-2698,2025-08-19 20:46:00,CUST-0313
VCH-PAYDAY100,ORD-1281,2025-05-26 17:11:00,CUST-0352
VCH-DOUBLE-15,ORD-1530,2025-06-06 15:28:00,CUST-0036
VCH-PAYDAY100,ORD-2782,2025-08-25 10:25:00,CUST-0206
VCH-DOUBLE-15,ORD-1540,2025-06-06 20:43:00,CUST-0012
VCH-PAYDAY100,ORD-2859,2025-08-27 19:22:00,CUST-0221
VCH-DOUBLE-15,ORD-1613,2025-06-08 12:53:00,CUST-0385
VCH-PAYDAY100,ORD-3695,2025-10-25 17:11:00,CUST-0199
VCH-DOUBLE-15,ORD-3114,2025-09-10 20:03:00,CUST-0364
VCH-PAYDAY100,ORD-1346,2025-05-28 20:47:00,CUST-0302
VCH-PAYDAY100,ORD-1337,2025-05-27 19:20:00,CUST-0266
VCH-PAYDAY100,ORD-1863,27/06/2025 09:17  ,CUST-0063
VCH-DOUBLE-15,ORD-3120,2025-09-10 20:34:00,CUST-0092
VCH-PAYDAY100,ORD-1278,2025-05-25 14:55:00,CUST-0305
VCH-PAYDAY100,ORD-3714,26/10/2025 14:05  ,CUST-0357
VCH-PAYDAY100,ORD-1809,2025-06-26 21:23:00,CUST-0063
VCH-PAYDAY100,ORD-1923,2025-06-29 17:36:00,CUST-0268
VCH-PAYDAY100,ORD-2912,2025-08-29 12:26:00,CUST-0384
VCH-PAYDAY100,ORD-1442,2025-05-31 11:17:00,CUST-0103
VCH-PAYDAY100,ORD-3732,2025-10-26 12:23:00,CUST-0058
VCH-PAYDAY100,ORD-1812,2025-06-26 22:37:00,CUST-0181
VCH-PAYDAY100,ORD-2976,2025-08-30 20:19:00,CUST-0143
VCH-PAYDAY100,ORD-1440,2025-05-31 09:43:00,CUST-0068
VCH-BUNDLE-20,ORD-2584,2025-08-16 12:47:00,CUST-0222
VCH-PAYDAY100,ORD-3823,2025-10-30 13:36:00,CUST-0236
VCH-PAYDAY100,ORD-1303,2025-05-27 12:41:00,CUST-0229
VCH-BUNDLE-20,ORD-2575,2025-08-16 13:39:00,CUST-0319
VCH-PAYDAY100,ORD-1827,2025-06-26 16:02:00,CUST-0149
VCH-DOUBLE-15,ORD-1600,08/06/2025 20:47  ,CUST-0333
VCH-PAYDAY100,ORD-3738,2025-10-27 17:13:00,CUST-0108
VCH-PAYDAY100,ORD-1381,2025-05-29 20:59:00,CUST-0107
VCH-PAYDAY100,ORD-2878,2025-08-28 19:48:00,CUST-0105
VCH-PAYDAY100,ORD-1859,2025-06-27 10:37:00,CUST-0061
VCH-DOUBLE-15,ORD-1538,06/06/2025 09:48  ,CUST-0165
VCH-DOUBLE-15,ORD-2114,2025-07-09 13:28:00,CUST-0055
VCH-PAYDAY100,ORD-3876,2025-10-31 20:47:00,CUST-0003
VCH-BUNDLE-20,ORD-2696,2025-08-19 15:25:00,CUST-0092
VCH-BUNDLE-20,ORD-2589,2025-08-16 16:47:00,CUST-0312
VCH-PAYDAY100,ORD-3854,2025-10-30 16:05:00,CUST-0041
VCH-PAYDAY100,ORD-3765,2025-10-28 11:34:00,CUST-0112
VCH-DOUBLE-15,ORD-1552,2025-06-06 18:03:00,CUST-0217
VCH-PAYDAY100,ORD-1330,2025-05-27 11:36:00,CUST-0036
VCH-DOUBLE-15,ORD-1575,2025-06-07 19:14:00,CUST-0189
VCH-PAYDAY100,ORD-3746,2025-10-27 21:33:00,CUST-0103
VCH-PAYDAY100,ORD-3712,2025-10-26 11:05:00,CUST-0282
VCH-PAYDAY100,ORD-1437,31/05/2025 16:53  ,CUST-0362
VCH-PAYDAY100,ORD-1419,2025-05-30 09:38:00,CUST-0114
VCH-BUNDLE-20,ORD-2672,2025-08-18 15:36:00,CUST-0047
VCH-DOUBLE-15,ORD-3137,10/09/2025 16:13  ,CUST-0003
VCH-DOUBLE-15,ORD-2108,2025-07-09 12:37:00,CUST-0013
VCH-PAYDAY100,ORD-3856,2025-10-31 12:40:00,CUST-0131
VCH-DOUBLE-15,ORD-3140,2025-09-10 14:00:00,CUST-0043
VCH-PAYDAY100,ORD-2853,2025-08-27 13:44:00,CUST-0312
VCH-PAYDAY100,ORD-2995,2025-08-31 22:40:00,CUST-0102
VCH-DOUBLE-15,ORD-1582,08/06/2025 20:12  ,CUST-0346
VCH-PAYDAY100,ORD-3674,2025-10-25 14:19:00,CUST-0181
VCH-PAYDAY100,ORD-3840,2025-10-30 14:06:00,CUST-0128
VCH-PAYDAY100,ORD-1305,2025-05-27 20:47:00,CUST-0150
VCH-PAYDAY100,ORD-3748,2025-10-27 18:09:00,CUST-0075
VCH-DOUBLE-15,ORD-3110,2025-09-09 10:17:00,CUST-0230
VCH-BUNDLE-20,ORD-2616,2025-08-17 18:19:00,CUST-0225
VCH-PAYDAY100,ORD-3811,2025-10-29 18:13:00,CUST-0014
VCH-DOUBLE-15,ORD-3164,2025-09-11 17:24:00,CUST-0274
VCH-PAYDAY100,ORD-1435,31/05/2025 14:04  ,CUST-0172
VCH-PAYDAY100,ORD-2918,2025-08-29 10:46:00,CUST-0111
VCH-BUNDLE-20,ORD-2666,2025-08-18 09:58:00,CUST-0212
VCH-BUNDLE-20,ORD-2723,2025-08-20 19:44:00,CUST-0107
VCH-PAYDAY100,ORD-2865,2025-08-27 16:19:00,CUST-0084
VCH-BUNDLE-20,ORD-2633,2025-08-17 20:00:00,CUST-0046
VCH-DOUBLE-15,ORD-1531,2025-06-06 17:17:00,CUST-0087
VCH-PAYDAY100,ORD-1273,2025-05-25 14:22:00,CUST-0016
VCH-DOUBLE-15,ORD-1602,2025-06-08 13:36:00,CUST-0133
VCH-PAYDAY100,ORD-2963,2025-08-30 14:27:00,CUST-0307
VCH-DOUBLE-15,ORD-3112,2025-09-09 22:06:00,CUST-0351
VCH-DOUBLE-15,ORD-2089,2025-07-08 16:19:00,CUST-0349
VCH-PAYDAY100,ORD-1790,2025-06-25 14:21:00,CUST-0017
VCH-PAYDAY100,ORD-3831,2025-10-30 21:59:00,CUST-0001
VCH-BUNDLE-20,ORD-2608,2025-08-16 16:57:00,CUST-0162
VCH-PAYDAY100,ORD-1888,28/06/2025 19:02  ,CUST-0020
VCH-DOUBLE-15,ORD-3117,2025-09-10 22:55:00,CUST-0159
VCH-PAYDAY100,ORD-3684,2025-10-25 17:32:00,CUST-0125
VCH-BUNDLE-20,ORD-2682,2025-08-19 14:22:00,CUST-0170
VCH-PAYDAY100,ORD-2961,2025-08-30 13:31:00,CUST-0166
